,name,description
0,Women's Campside Oxfords,"This ultracomfortable lace-to-toe Oxford boasts a super-soft canvas, thick cushioning, and quality construction for a broken-in feel from the first time you put them on. 

Size & Fit: Order regular shoe size. For half sizes not offered, order up to next whole size. 

Specs: Approx. weight: 1 lb.1 oz. per pair. 

Construction: Soft canvas material for a broken-in feel and look. Comfortable EVA innersole with Cleansport NXT® antimicrobial odor control. Vintage hunt, fish and camping motif on innersole. Moderate arch contour of innersole. EVA foam midsole for cushioning and support. Chain-tread-inspired molded rubber outsole with modified chain-tread pattern. Imported. 

Questions? Please contact us for any inquiries."
1,Men's Tropical Plaid Short-Sleeve Shirt,"This sun-protection shirt with built-in UPF 50+ has the lightweight feel you want and the coverage you need. Size & Fit: Traditional Fit: Relaxed through the chest, sleeve and waist. Fabric & Care: 100% polyester. UPF 50+ rated – the highest rated sun protection possible, blocking 98% of the sun's harmful rays. Machine wash and dry. Additional Features: Wrinkle resistant. Front and back cape venting lets in cool breezes. Two front bellows pockets. Imported."
2,"Men's Plaid Tropic Shirt, Short-Sleeve","This sun-protection shirt with built-in UPF 50+ has the lightweight feel you want and the coverage you need. Size & Fit: Traditional Fit: Relaxed through the chest, sleeve and waist. Fabric & Care: 52% polyester, 48% nylon. UPF 50+ rated – the highest rated sun protection possible, blocking 98% of the sun's harmful rays. Machine wash and dry. Additional Features: Wrinkle resistant. Quick dry fabric evaporates perspiration quickly. Front and back cape venting lets in cool breezes. Two front bellows pockets. Imported."
3,Girls' Ocean Breeze Long-Sleeve Stripe Shirt,"This sun-protection shirt with built-in UPF 50+ has the lightweight feel she wants and the coverage she needs. Size & Fit: Fitted: Sits close to the body. Fabric & Care: Nylon Lycra®-elastane blend. UPF 50+ rated – the highest rated sun protection possible, blocking 98% of the sun's harmful rays. Quick-drying, fade-resistant and holds its shape. Durable seawater-resistant fabric retains its color. Matches our girls' swimwear collection. Imported."
4,"Men's TropicVibe Shirt, Short-Sleeve","This Men's sun-protection shirt with built-in UPF 50+ has the lightweight feel you want and the coverage you need when the air is hot and the UV rays are strong. Size & Fit: Traditional Fit: Relaxed through the chest, sleeve and waist. Fabric & Care: Shell: 71% Nylon, 29% Polyester. Lining: 100% Polyester knit mesh. UPF 50+ rated – the highest rated sun protection possible. Machine wash and dry. Additional Features: Wrinkle resistant. Front and back cape venting lets in cool breezes. Two front bellows pockets. Imported.

Sun Protection That Won't Wear Off: Our high-performance fabric provides SPF 50+ sun protection, blocking 98% of the sun's harmful rays."
5,"Recycled Waterhog Dog Mat, Chevron Weave","Protect your floors from spills and splashing with our absorbent and machine-washable dog mat. Size & Fit: Small: 18"" x 28"". Medium: 22"" x 35"". Large: 29"" x 43"". Specs: 30 oz. fabric. 3/8"" pile height. Fabric & Care: Made from 94% recycled PET polyester. Mat has 50% post-consumer recycled content. Backing made from 18% post-consumer recycled content. 100% solution dyed fiber. PVC backing. Water dam border holds 1.5 gallons water per square yard. Wash in cold water, hang to dry. Additional Features: Ideal for food bowls, litter boxes. Highly absorbent fibers and nonskid backing. American made. May only be shipped within the US."
